OGC_FID,OSM_ID,OSM_WAY_ID,NAME,TYPE,AEROWAY,AMENITY,ADMIN_LEVE,BARRIER,BOUNDARY,BUILDING,CRAFT,GEOLOGICAL,HISTORIC,LAND_AREA,LANDUSE,LEISURE,MAN_MADE,MILITARY,NATURAL,OFFICE,PLACE,SHOP,SPORT,TOURISM,OTHER_TAGS
1,,45019553,Hillary Hospital,,,hospital,,,,yes,,,,,,,,,,,,,,,
2,,112117062,National Trauma Center,,,hospital,,,,health_facility,,,,,,,,,,,,,,,"""emergency""=>""yes"", ""building:use""=>""Health_Facility"", ""building:level""=>""5"", ""building:typology""=>""Reinforced_Concrete_Frame"", ""building:roof_type""=>""Flat"", ""building:floor_type""=>""concrete"""
3,,120435385,Tilganga Institute of Opthalmology,,,hospital,,,,hospital,,,,,,,,,,,,,,,"""retrofit""=>""no"", ""roof:shape""=>""flat"", ""shape:plan""=>""multiprojected"", ""start_date""=>""1990-2000"", ""column:size""=>""12x12"", ""facility:icu""=>""no"", ""operator:type""=>""government"", ""roof:material""=>""concrete"", ""building:bay:x""=>""4"", ""building:bay:y""=>""2"", ""bu"
4,,120634698,Hariyo Kharka Hospital,,,hospital,,,,yes,,,,,,,,,,,,,,,"""surface""=>""paved"", ""contact:website""=>""http://www.inf.org/"""
5,,169429521,Gyarisan Gad Army Medical,,,doctors,,,,yes,,,,,,,,,,,,,,,
6,,179243141,Ayurvedic Hospital,,,hospital,,,,yes,,,,,,,,,,,,,,,"""operator""=>""Tribhuwan University"""
7,,179243142,Ayurvedic Teaching Hospital (OPD),,,hospital,,,,yes,,,,,,,,,,,,,,,"""operator""=>""Tribhuwan University"""
8,,180082316,Basundhara Polyclinic,,,clinic,,,,hospital,,,,,,,,,,,,,,,"""retrofit""=>""no"", ""roof:shape""=>""flat"", ""shape:plan""=>""rectangular"", ""start_date""=>""2000-2013"", ""column:size""=>""9x9"", ""facility:icu""=>""no"", ""occupant:day""=>""12"", ""capacity:beds""=>""0"", ""operator:type""=>""private"", ""roof:material""=>""concrete"", ""building:bay"
9,,181032115,Biraj Dental Hospital,,,clinic,,,,clinic,,,,,,,,,,,,,,,"""oid""=>""1"", ""operator""=>""Biraj Dental Hospital"", ""retrofit""=>""no"", ""roof:shape""=>""flat"", ""shape:plan""=>""rectangular"", ""start_date""=>""2000-2013"", ""column:size""=>""9x9"", ""facility:icu""=>""no"", ""occupant:day""=>""6"", ""capacity:beds""=>""0"", ""operator:type""=>""priv"
10,,181427346,ManMohan Cardiothoracic Vascular & Transplant Center,,,hospital,,,,yes,,,,,,,,,,,,,,,
11,,181575432,Mental Hospital,,,hospital,,,,yes,,,,,,,,,,,,,,,
12,,182115996,City Polyclinic,,,clinic,,,,clinic,,,,,,,,,,,,,,,"""operator""=>""City Polyclinic"", ""retrofit""=>""no"", ""roof:shape""=>""flat"", ""shape:plan""=>""multiprojected"", ""start_date""=>""1960-1990"", ""facility:icu""=>""no"", ""occupant:day""=>""8"", ""capacity:beds""=>""2"", ""operator:type""=>""private"", ""roof:material""=>""concrete"", ""b"
13,,185943151,Nepal Eye Hospital,,,hospital,,,,hospital,,,,,,,,,,,,,,,
14,,185943152,Nepal Eye Hospital,,,hospital,,,,hospital,,,,,,,,,,,,,,,"""emergency""=>""yes"", ""facility:icu""=>""yes"", ""capacity:beds""=>""1"", ""operator:type""=>""government"", ""building_count""=>""1"", ""facility:x-ray""=>""yes"", ""personnel:count""=>""1"", ""opd:patients:count""=>""1"", ""facility:ventilator""=>""no"", ""facility:operating_theatre""=>"
32,,207412810,Suvechhya Hospital,,,hospital,,,,yes,,,,,,,,,,,,,,,"""emergency""=>""yes"""
15,,185943730,SAARCTuberculosis Center,,,hospital,,,,hospital,,,,,,,,,,,,,,,"""operator""=>""SAARCTuberculosis Center"", ""retrofit""=>""no"", ""roof:shape""=>""flat"", ""shape:plan""=>""narrow_long"", ""start_date""=>""2000-2013"", ""column:size""=>""18x18"", ""facility:icu""=>""no"", ""occupant:day""=>""30"", ""capacity:beds""=>""0"", ""operator:type""=>""government"
16,,191552792,Pawai Gamde Hospital,,,hospital,,,,yes,,,,,,,,,,,,,,,"""emergency""=>""yes"""
17,,194057065,,,,hospital,,,,hospital,,,,,,,,,,,,,,,"""oid""=>""2"", ""operator""=>""welcare hospital and research centre"", ""retrofit""=>""no"", ""roof:shape""=>""flat"", ""shape:plan""=>""rectangular"", ""start_date""=>""2000-2013"", ""column:size""=>""9x9"", ""occupant:day""=>""40"", ""roof:material""=>""concrete"", ""building:bay:x""=>""2"""
18,,194732734,Panga Balkumari Sub Health Post,,,health_post,,,,health_post,,,,,,,,,,,,,,,"""retrofit""=>""no"", ""roof:shape""=>""flat"", ""shape:plan""=>""multiprojected"", ""start_date""=>""1990-2000"", ""column:size""=>""9x9"", ""facility:icu""=>""no"", ""occupant:day""=>""20"", ""capacity:beds""=>""1"", ""operator:type""=>""government"", ""roof:material""=>""concrete"", ""buildi"
19,,194899597,Spinal Injury Rahabilitation Center,,,hospital,,,,hospital,,,,,,,,,,,,,,,
20,,197474200,BP Smriti Hospital,,,hospital,,,,hospital,,,,,,,,,,,,,,,"""retrofit""=>""no"", ""roof:shape""=>""flat"", ""shape:plan""=>""rectangular"", ""start_date""=>""1990-2000"", ""column:size""=>""9x12"", ""facility:icu""=>""yes"", ""occupant:day""=>""113"", ""capacity:beds""=>""100"", ""operator:type""=>""community"", ""roof:material""=>""concrete"", ""build"
21,,197615452,Ishan Bal Tatha Mahila Aspataal,,,hospital,,,,hospital,,,,,,,,,,,,,,,"""operator""=>""Ishan Bal Tatha Mahila Aspataal"", ""retrofit""=>""no"", ""roof:shape""=>""flat"", ""shape:plan""=>""rectangular"", ""start_date""=>""2000-2013"", ""column:size""=>""9x12"", ""facility:icu""=>""yes"", ""occupant:day""=>""280"", ""capacity:beds""=>""50"", ""operator:type""=>""p"
22,,198110733,Annapurna Neurological Institute and Applied Sciences,,,hospital,,,,hospital,,,,,,,,,,,,,,,"""oid""=>""1"", ""operator""=>""Annapurna Neurological Institute and Applied Sciences"", ""retrofit""=>""no"", ""roof:shape""=>""flat"", ""shape:plan""=>""multiprojected"", ""start_date""=>""1990-2000"", ""column:size""=>""18x18"", ""facility:icu""=>""no"", ""capacity:beds""=>""15"", ""oper"
23,,201380503,swatha parichyan,,,hospital,,,,yes,,,,,,,,,,,,,,,"""service""=>""health"""
24,,205438152,Ayurvedic Hospital,,,hospital,,,,yes,,,,,,,,,,,,,,,"""operator""=>""Tribhuwan University"""
169,,328914788,Urban Healt Clinic,,,clinic,,,,yes,,,,,,,,,,,,,,,"""addr:city""=>""Bharatpur"", ""addr:street""=>""Aanpatari"""
170,,328915093,Parijaat Medical Hall,,,clinic,,,,yes,,,,,,,,,,,,,,,"""addr:city""=>""Bharatpur"", ""addr:street""=>""Baseni-11"", ""opening_hours""=>""8-20"""
25,,205723462,Revive Polyclinic Private Limited,,,clinic,,,,clinic,,,,,,,,,,,,,,,"""retrofit""=>""no"", ""roof:shape""=>""flat"", ""shape:plan""=>""rectangular"", ""start_date""=>""2000-2013"", ""column:size""=>""12x12"", ""facility:icu""=>""no"", ""occupant:day""=>""15"", ""capacity:beds""=>""0"", ""operator:type""=>""private"", ""roof:material""=>""concrete"", ""building:b"
26,,206056043,MV Polyclinic,,,clinic,,,,clinic,,,,,,,,,,,,,,,"""oid""=>""1"", ""operator""=>""MV Polyclinic"", ""retrofit""=>""no"", ""roof:shape""=>""flat"", ""shape:plan""=>""rectangular"", ""start_date""=>""2000-2013"", ""column:size""=>""9x9"", ""facility:icu""=>""no"", ""occupant:day""=>""50"", ""capacity:beds""=>""0"", ""operator:type""=>""private"", """
27,,206056045,City Top Polyclinic and Medical Center,,,clinic,,,,clinic,,,,,,,,,,,,,,,"""operator""=>""City Top Polyclinic and Medical Center"", ""retrofit""=>""no"", ""roof:shape""=>""flat"", ""shape:plan""=>""rectangular"", ""start_date""=>""1990-2000"", ""column:size""=>""9x9"", ""occupant:day""=>""8"", ""roof:material""=>""concrete"", ""Household Code""=>""O5_11B_1HH"","
28,,206130424,Pk Diagnostic Center,,,clinic,,,,clinic,,,,,,,,,,,,,,,"""operator""=>""Pk Diagnostic Center"", ""retrofit""=>""no"", ""roof:shape""=>""flat"", ""shape:plan""=>""rectangular"", ""start_date""=>""2000-2013"", ""column:size""=>""9x12"", ""facility:icu""=>""no"", ""occupant:day""=>""14"", ""capacity:beds""=>""0"", ""operator:type""=>""private"", ""roof"
29,,206715775,Sainbu Health Post,,,health_post,,,,health_post,,,,,,,,,,,,,,,"""retrofit""=>""no"", ""roof:shape""=>""flat"", ""shape:plan""=>""rectangular"", ""start_date""=>""2000-2013"", ""column:size""=>""9x12"", ""facility:icu""=>""no"", ""occupant:day""=>""32"", ""capacity:beds""=>""2"", ""operator:type""=>""government"", ""roof:material""=>""concrete"", ""building"
30,,206816619,Samaj Dental Care & clinic,,,clinic,,,,clinic,,,,,,,,,,,,,,,"""operator""=>""Samaj Dental Care & clinic"", ""retrofit""=>""no"", ""roof:shape""=>""flat"", ""shape:plan""=>""rectangular"", ""start_date""=>""2000-2013"", ""column:size""=>""9x12"", ""facility:icu""=>""no"", ""occupant:day""=>""12"", ""capacity:beds""=>""0"", ""operator:type""=>""private"","
31,,207106730,Dharmasthali Health Post,,,health_post,,,,health_post,,,,,,,,,,,,,,,"""oid""=>""1"", ""operator""=>""Dhapasi Health Post"", ""retrofit""=>""no"", ""roof:shape""=>""flat"", ""shape:plan""=>""rectangular"", ""start_date""=>""1990-2000"", ""facility:icu""=>""no"", ""occupant:day""=>""20"", ""capacity:beds""=>""0"", ""operator:type""=>""government"", ""roof:material"
171,,330314049,,,,hospital,,,,yes,,,,,,,,,,,,,,,
33,,208681773,Nepal Plastic Surgery Hospital,,,hospital,,,,hospital,,,,,,,,,,,,,,,"""oid""=>""1"", ""operator""=>""Nepal Plastic Surgery Hospital"", ""retrofit""=>""no"", ""roof:shape""=>""flat"", ""shape:plan""=>""rectangular"", ""start_date""=>""2000-2013"", ""column:size""=>""9x9"", ""facility:icu""=>""no"", ""occupant:day""=>""14"", ""capacity:beds""=>""15"", ""operator:t"
34,,209488771,Smile Dental Hospital,,,clinic,,,,clinic,,,,,,,,,,,,,,,"""retrofit""=>""no"", ""roof:shape""=>""flat"", ""shape:plan""=>""rectangular"", ""start_date""=>""1990-2000"", ""column:size""=>""9x12"", ""facility:icu""=>""no"", ""occupant:day""=>""12"", ""capacity:beds""=>""0"", ""operator:type""=>""private"", ""roof:material""=>""concrete"", ""building:ba"
35,,209538203,Janaki Polyclinic,,,clinic,,,,clinic,,,,,,,,,,,,,,,"""operator""=>""Janaki Polyclinic"", ""retrofit""=>""no"", ""roof:shape""=>""flat"", ""shape:plan""=>""rectangular"", ""start_date""=>""2000-2013"", ""column:size""=>""9x12"", ""facility:icu""=>""no"", ""occupant:day""=>""15"", ""capacity:beds""=>""0"", ""operator:type""=>""private"", ""roof:ma"
36,,211083277,Jana Swastha Kendra,,,clinic,,,,clinic,,,,,,,,,,,,,,,"""retrofit""=>""no"", ""roof:shape""=>""flat"", ""shape:plan""=>""rectangular"", ""start_date""=>""1960-1990"", ""facility:icu""=>""no"", ""occupant:day""=>""50"", ""capacity:beds""=>""0"", ""operator:type""=>""government"", ""roof:material""=>""concrete"", ""building:bay:x""=>""2"", ""building"
37,,211651975,Sunaulo Vabisya Nepal,,,clinic,,,,clinic,,,,,,,,,,,,,,,"""operator""=>""Sunaulo Vabisya Nepal"", ""retrofit""=>""no"", ""roof:shape""=>""gabled"", ""shape:plan""=>""rectangular"", ""start_date""=>""1990-2000"", ""column:size""=>""9x9"", ""facility:icu""=>""no"", ""occupant:day""=>""21"", ""capacity:beds""=>""2"", ""operator:type""=>""private"", ""ro"
38,,211851297,Elite Pathology Clinic & dental House,,,clinic,,,,clinic,,,,,,,,,,,,,,,"""operator""=>""Elite Pathology Clinic & dental House"", ""retrofit""=>""no"", ""roof:shape""=>""flat"", ""shape:plan""=>""rectangular"", ""start_date""=>""1990-2000"", ""column:size""=>""9x9"", ""facility:icu""=>""no"", ""capacity:beds""=>""0"", ""operator:type""=>""private"", ""roof:mater"
39,,211891413,Pukhulachi Health Post,,,health_post,,,,health_post,,,,,,,,,,,,,,,"""phone""=>""9851087895"", ""retrofit""=>""no"", ""roof:shape""=>""flat"", ""shape:plan""=>""rectangular"", ""start_date""=>""1960-1990"", ""facility:icu""=>""no"", ""occupant:day""=>""46"", ""capacity:beds""=>""1"", ""operator:type""=>""government"", ""roof:material""=>""metal"", ""building:ba"
172,,330314070,,,,hospital,,,,yes,,,,,,,,,,,,,,,
173,,338018478,Community Health Post,,,hospital,,,,yes,,,,,,,,,,,,,,,
40,,211897513,Natural Health Hospital,,,hospital,,,,hospital,,,,,,,,,,,,,,,"""operator""=>""Natural Health Hospital"", ""retrofit""=>""no"", ""roof:shape""=>""flat"", ""shape:plan""=>""U-shape"", ""start_date""=>""1990-2000"", ""facility:icu""=>""no"", ""occupant:day""=>""20"", ""capacity:beds""=>""10"", ""operator:type""=>""community"", ""roof:material""=>""concrete"
41,,211903388,Sindu Dental clinic,,,clinic,,,,clinic,,,,,,,,,,,,,,,"""operator""=>""Sindu Dental Clinic"", ""retrofit""=>""no"", ""roof:shape""=>""flat"", ""shape:plan""=>""rectangular"", ""start_date""=>""2000-2013"", ""column:size""=>""14x14"", ""facility:icu""=>""no"", ""capacity:beds""=>""0"", ""operator:type""=>""private"", ""roof:material""=>""concrete"""
42,,212678297,Charu Polyclinic and Diagonostic Centre,,,clinic,,,,clinic,,,,,,,,,,,,,,,"""operator""=>""Charu Polyclinic and Diagonostic Centre"", ""retrofit""=>""no"", ""roof:shape""=>""flat"", ""shape:plan""=>""rectangular"", ""start_date""=>""1960-1990"", ""column:size""=>""9x9"", ""facility:icu""=>""no"", ""occupant:day""=>""70"", ""capacity:beds""=>""0"", ""operator:type"""
43,,213485542,Cosmos Diagonosis and Research Centre,,,clinic,,,,clinic,,,,,,,,,,,,,,,"""retrofit""=>""no"", ""roof:shape""=>""flat"", ""shape:plan""=>""rectangular"", ""start_date""=>""1990-2000"", ""column:size""=>""9x9"", ""facility:icu""=>""no"", ""occupant:day""=>""15"", ""capacity:beds""=>""1"", ""operator:type""=>""private"", ""roof:material""=>""concrete"", ""building:bay"
44,,213485583,Reliance Medicare and Research Centre,,,clinic,,,,clinic,,,,,,,,,,,,,,,"""retrofit""=>""no"", ""roof:shape""=>""flat"", ""shape:plan""=>""rectangular"", ""start_date""=>""1990-2000"", ""column:size""=>""12x12"", ""facility:icu""=>""no"", ""occupant:day""=>""36"", ""capacity:beds""=>""1"", ""operator:type""=>""private"", ""roof:material""=>""concrete"", ""building:b"
45,,216443708,Nepal Beijing Friendship Hospital,,,hospital,,,,hospital,,,,,,,,,,,,,,,"""phone""=>""01-4413043"", ""retrofit""=>""no"", ""roof:shape""=>""flat"", ""shape:plan""=>""multiprojected"", ""start_date""=>""1990-2000"", ""column:size""=>""9x9"", ""facility:icu""=>""no"", ""occupant:day""=>""26"", ""capacity:beds""=>""4"", ""operator:type""=>""private"", ""roof:material""="
46,,216607337,,,,hospital,,,,hospital,,,,,,,,,,,,,,,"""oid""=>""1"", ""operator""=>""Welcare Hospital and research centre"", ""retrofit""=>""no"", ""roof:shape""=>""flat"", ""shape:plan""=>""rectangular"", ""start_date""=>""1990-2000"", ""occupant:day""=>""3"", ""roof:material""=>""concrete"", ""building:bay:x""=>""3"", ""building:bay:y""=>""1"""
47,,216607346,,,,hospital,,,,hospital,,,,,,,,,,,,,,,"""oid""=>""3"", ""operator""=>""welcare hospital and research centre"", ""retrofit""=>""no"", ""roof:shape""=>""flat"", ""shape:plan""=>""rectangular"", ""start_date""=>""1960-1990"", ""occupant:day""=>""4"", ""roof:material""=>""concrete"", ""building:bay:x""=>""2"", ""building:bay:y""=>""2"""
48,,217129152,Samrat Polyclinic,,,clinic,,,,clinic,,,,,,,,,,,,,,,"""retrofit""=>""no"", ""roof:shape""=>""flat"", ""shape:plan""=>""rectangular"", ""start_date""=>""2000-2013"", ""column:size""=>""12x12"", ""facility:icu""=>""no"", ""occupant:day""=>""14"", ""capacity:beds""=>""7"", ""operator:type""=>""private"", ""roof:material""=>""metal"", ""building:bay:"
49,,217604069,siddhi poly clinic and diagonistic center,,,clinic,,,,clinic,,,,,,,,,,,,,,,"""oid""=>""1"", ""phone""=>""01-4427788"", ""retrofit""=>""no"", ""addr:city""=>""gyaneswor"", ""roof:shape""=>""flat"", ""shape:plan""=>""rectangular"", ""start_date""=>""2000-2013"", ""column:size""=>""9x12"", ""facility:icu""=>""no"", ""occupant:day""=>""15"", ""operator:type""=>""private"", ""r"
50,,218658111,Shrijanshil Polyclinic,,,clinic,,,,clinic,,,,,,,,,,,,,,,"""oid""=>""1"", ""operator""=>""Shrijanshil Polyclinic"", ""retrofit""=>""no"", ""roof:shape""=>""flat"", ""shape:plan""=>""narrow_long"", ""start_date""=>""2000-2013"", ""column:size""=>""9x9"", ""facility:icu""=>""no"", ""occupant:day""=>""5"", ""capacity:beds""=>""0"", ""operator:type""=>""pri"
51,,218983847,Jhaukhel Sub Health Post,,,health_post,,,,health_post,,,,,,,,,,,,,,,"""retrofit""=>""no"", ""roof:shape""=>""flat"", ""shape:plan""=>""rectangular"", ""start_date""=>""1990-2000"", ""facility:icu""=>""no"", ""occupant:day""=>""14"", ""capacity:beds""=>""0"", ""operator:type""=>""government"", ""roof:material""=>""concrete"", ""building:bay:x""=>""1"", ""building"
52,,219394126,Shrijana Medical Centre & Polyclinic,,,clinic,,,,hospital,,,,,,,,,,,,,,,"""operator""=>""buddha dental hospital/shrijana medical centre & polyclinic"", ""retrofit""=>""no"", ""roof:shape""=>""flat"", ""shape:plan""=>""U-shape"", ""start_date""=>""1990-2000"", ""column:size""=>""9x12"", ""facility:icu""=>""no"", ""occupant:day""=>""34"", ""capacity:beds""=>""1"""
53,,219395680,Om Samaj Dental Hospital,,,hospital,,,,hospital,,,,,,,,,,,,,,,"""operator""=>""Om Samaj Dental Hospital"", ""retrofit""=>""no"", ""roof:shape""=>""flat"", ""shape:plan""=>""L-shape"", ""start_date""=>""1990-2000"", ""column:size""=>""9x12"", ""facility:icu""=>""no"", ""occupant:day""=>""185"", ""capacity:beds""=>""0"", ""operator:type""=>""private"", ""roo"
54,,219723951,Gothatar Polyclinic and lab centre,,,clinic,,,,clinic,,,,,,,,,,,,,,,"""operator""=>""Gothatar Polyclinic ans Lab Centre"", ""retrofit""=>""no"", ""roof:shape""=>""flat"", ""shape:plan""=>""rectangular"", ""start_date""=>""1990-2000"", ""column:size""=>""9x9"", ""facility:icu""=>""no"", ""occupant:day""=>""4"", ""capacity:beds""=>""2"", ""operator:type""=>""pri"
174,,338314635,Jivan Medical Hall,,,hospital,,,,yes,,,,,,,,,,,,,,,
55,,220263462,Chhaling Health Post,,,health_post,,,,health_post,,,,,,,,,,,,,,,"""oid""=>""1"", ""operator""=>""Chhaling Health Post"", ""retrofit""=>""no"", ""roof:shape""=>""gabled"", ""shape:plan""=>""narrow_long"", ""start_date""=>""before_1960"", ""facility:icu""=>""no"", ""occupant:day""=>""50"", ""capacity:beds""=>""0"", ""operator:type""=>""government"", ""roof:mat"
56,,221353876,Fatima Healing Centre,,,clinic,,,,yes,,,,,,,,,,,,,,,"""operator""=>""Fatima"", ""facility:icu""=>""no"", ""capacity:beds""=>""12"", ""operator:type""=>""private"", ""building_count""=>""1"", ""facility:x-ray""=>""no"", ""personnel:count""=>""11"", ""opd:patients:count""=>""15"", ""facility:ventilator""=>""no"", ""facility:operating_theatre""=>"
57,,221353886,Blue Lotus Hospital,,,hospital,,,,hospital,,,,,,,,,,,,,,,"""oid""=>""1"", ""operator""=>""Blue Lotus Hospital"", ""retrofit""=>""no"", ""roof:shape""=>""flat"", ""shape:plan""=>""multiprojected"", ""start_date""=>""2000-2013"", ""column:size""=>""9x9"", ""facility:icu""=>""no"", ""occupant:day""=>""20"", ""capacity:beds""=>""9"", ""operator:type""=>""pr"
58,,221353887,The Dental Venue,,,clinic,,,,clinic,,,,,,,,,,,,,,,"""oid""=>""1"", ""operator""=>""The Dental Venue"", ""retrofit""=>""no"", ""roof:shape""=>""flat"", ""shape:plan""=>""rectangular"", ""start_date""=>""1960-1990"", ""facility:icu""=>""no"", ""occupant:day""=>""9"", ""capacity:beds""=>""0"", ""operator:type""=>""private"", ""roof:material""=>""con"
59,,221376213,Stupa Community Hospital,,,hospital,,,,hospital,,,,,,,,,,,,,,,"""operator""=>""Stupa Community Hospital"", ""retrofit""=>""no"", ""roof:shape""=>""flat"", ""shape:plan""=>""rectangular"", ""start_date""=>""1990-2000"", ""column:size""=>""9x9"", ""facility:icu""=>""no"", ""occupant:day""=>""70-80"", ""capacity:beds""=>""55"", ""operator:type""=>""communit"
60,,221381159,Venus Health Care & Research Centre,,,clinic,,,,clinic,,,,,,,,,,,,,,,"""retrofit""=>""no"", ""roof:shape""=>""flat"", ""shape:plan""=>""rectangular"", ""start_date""=>""2000-2013"", ""column:size""=>""9x9"", ""facility:icu""=>""no"", ""occupant:day""=>""12"", ""capacity:beds""=>""2"", ""operator:type""=>""private"", ""roof:material""=>""concrete"", ""building:bay"
61,,221727448,Blue Cross Diagnostic Center,,,hospital,,,,hospital,,,,,,,,,,,,,,,"""oid""=>""1"", ""operator""=>""Blue Cross Diagnostic Center"", ""retrofit""=>""no"", ""roof:shape""=>""flat"", ""shape:plan""=>""L-shape"", ""start_date""=>""before_1960"", ""facility:icu""=>""no"", ""occupant:day""=>""35"", ""capacity:beds""=>""0"", ""operator:type""=>""private"", ""roof:mate"
175,,338831890,Upper Tamakoshi Project Healthposts,,,doctors,,,,health_post,,,,,,,,,,,,,,,"""temp:hospital:type""=>""health_post"", ""hydropower_project:name""=>""Upper Tamakoshi"""
176,,338831891,,,,health_post,,,,yes,,,,,,,,,,,,,,,"""hydropower_project:name""=>""Khimti I"""
62,,221727449,Kathmandu Model Hospital Dental Department,,,hospital,,,,hospital,,,,,,,,,,,,,,,"""oid""=>""1"", ""operator""=>""Kathmandu Model Hospital Dental Department"", ""retrofit""=>""no"", ""roof:shape""=>""gabled"", ""shape:plan""=>""rectangular"", ""start_date""=>""1960-1990"", ""facility:icu""=>""no"", ""occupant:day""=>""14"", ""capacity:beds""=>""0"", ""operator:type""=>""pr"
63,,222180847,Life Medical Centre Polytechnic,,,clinic,,,,clinic,,,,,,,,,,,,,,,"""retrofit""=>""no"", ""roof:shape""=>""flat"", ""shape:plan""=>""rectangular"", ""start_date""=>""2000-2013"", ""column:size""=>""9x9"", ""facility:icu""=>""no"", ""occupant:day""=>""9"", ""capacity:beds""=>""0"", ""operator:type""=>""private"", ""roof:material""=>""concrete"", ""building:bay:"
64,,222180855,Nozomi Polyclinic,,,clinic,,,,clinic,,,,,,,,,,,,,,,"""retrofit""=>""no"", ""roof:shape""=>""flat"", ""shape:plan""=>""rectangular"", ""start_date""=>""2000-2013"", ""column:size""=>""9x9"", ""facility:icu""=>""no"", ""occupant:day""=>""10"", ""capacity:beds""=>""0"", ""operator:type""=>""private"", ""roof:material""=>""concrete"", ""building:bay"
65,,222180856,Reliable Polyclinic and Pathology Lab,,,clinic,,,,clinic,,,,,,,,,,,,,,,"""retrofit""=>""no"", ""roof:shape""=>""flat"", ""shape:plan""=>""rectangular"", ""start_date""=>""2000-2013"", ""column:size""=>""12x12"", ""facility:icu""=>""no"", ""occupant:day""=>""18"", ""capacity:beds""=>""0"", ""operator:type""=>""private"", ""roof:material""=>""concrete"", ""building:b"
66,,222838860,JMC Polyclinic,,,clinic,,,,clinic,,,,,,,,,,,,,,,"""retrofit""=>""no"", ""roof:shape""=>""flat"", ""shape:plan""=>""rectangular"", ""start_date""=>""2000-2013"", ""column:size""=>""9x9"", ""facility:icu""=>""no"", ""occupant:day""=>""12"", ""capacity:beds""=>""0"", ""operator:type""=>""private"", ""roof:material""=>""concrete"", ""building:bay"
67,,222864663,manohara samudayik swastha kendra,,,hospital,,,,hospital,,,,,,,,,,,,,,,"""oid""=>""1"", ""operator""=>""manohara samudayik swastha kendra"", ""retrofit""=>""no"", ""roof:shape""=>""flat"", ""shape:plan""=>""rectangular"", ""start_date""=>""1960-1990"", ""column:size""=>""9x9"", ""facility:icu""=>""no"", ""occupant:day""=>""30"", ""capacity:beds""=>""2"", ""operator"
68,,222872126,Jiwanta Swastha Sewa Sadan,,,clinic,,,,clinic,,,,,,,,,,,,,,,"""oid""=>""1"", ""operator""=>""Jiwanta Swastha Sewa Sadan"", ""retrofit""=>""no"", ""roof:shape""=>""flat"", ""shape:plan""=>""rectangular"", ""start_date""=>""2000-2013"", ""column:size""=>""12x12"", ""facility:icu""=>""no"", ""occupant:day""=>""6"", ""capacity:beds""=>""0"", ""operator:type"""
69,,222872129,Swastik Dental Hospital Pvt. Ltd.,,,hospital,,,,hospital,,,,,,,,,,,,,,,"""oid""=>""1"", ""operator""=>""Swastik Dental Hospital Pvt. Ltd."", ""retrofit""=>""no"", ""roof:shape""=>""flat"", ""shape:plan""=>""rectangular"", ""start_date""=>""2000-2013"", ""column:size""=>""9x9"", ""facility:icu""=>""no"", ""occupant:day""=>""12"", ""capacity:beds""=>""0"", ""operator"
70,,222872131,Tiwari Poly Clinic and Diagnostic Center,,,clinic,,,,clinic,,,,,,,,,,,,,,,"""oid""=>""1"", ""operator""=>""Tiwari Poly Clinic and Diagnostic Center"", ""retrofit""=>""no"", ""roof:shape""=>""flat"", ""shape:plan""=>""multiprojected"", ""start_date""=>""1990-2000"", ""column:size""=>""9x9"", ""facility:icu""=>""no"", ""occupant:day""=>""8"", ""capacity:beds""=>""0"","
71,,223033987,Midat Hospital,,,hospital,,,,hospital,,,,,,,,,,,,,,,"""retrofit""=>""no"", ""roof:shape""=>""flat"", ""shape:plan""=>""multiprojected"", ""start_date""=>""2000-2013"", ""column:size""=>""14x14"", ""facility:icu""=>""yes"", ""occupant:day""=>""250"", ""capacity:beds""=>""100"", ""operator:type""=>""private"", ""roof:material""=>""concrete"", ""bui"
72,,223301199,Pashupati Poyclinicl,,,clinic,,,,clinic,,,,,,,,,,,,,,,"""retrofit""=>""no"", ""roof:shape""=>""flat"", ""shape:plan""=>""L-shape"", ""start_date""=>""2000-2013"", ""facility:icu""=>""no"", ""occupant:day""=>""14"", ""capacity:beds""=>""0"", ""operator:type""=>""private"", ""roof:material""=>""concrete"", ""building:bay:x""=>""1"", ""building:bay:y"""
73,,223500623,Astamatrika Polyclinic,,,clinic,,,,clinic,,,,,,,,,,,,,,,"""oid""=>""1"", ""operator""=>""Astamatrika Polyclinic"", ""retrofit""=>""no"", ""roof:shape""=>""flat"", ""shape:plan""=>""rectangular"", ""start_date""=>""1960-1990"", ""column:size""=>""9x9"", ""facility:icu""=>""no"", ""occupant:day""=>""50"", ""operator:type""=>""private"", ""roof:material"
74,,223500984,Danchi Sub Health Post,,,health_post,,,,health_post,,,,,,,,,,,,,,,"""retrofit""=>""no"", ""roof:shape""=>""flat"", ""shape:plan""=>""rectangular"", ""start_date""=>""1990-2000"", ""facility:icu""=>""no"", ""occupant:day""=>""15"", ""capacity:beds""=>""2"", ""operator:type""=>""government"", ""roof:material""=>""concrete"", ""building:bay:x""=>""3"", ""building"
75,,223502956,People's Life Care Hospital,,,hospital,,,,hospital,,,,,,,,,,,,,,,"""retrofit""=>""no"", ""roof:shape""=>""flat"", ""shape:plan""=>""rectangular"", ""start_date""=>""2000-2013"", ""column:size""=>""9x12"", ""facility:icu""=>""no"", ""occupant:day""=>""39"", ""capacity:beds""=>""15"", ""operator:type""=>""private"", ""roof:material""=>""concrete"", ""building:b"
76,,223503869,OM Samaj Hospital,,,hospital,,,,hospital,,,,,,,,,,,,,,,"""operator""=>""Om Samaj Hospital"", ""retrofit""=>""no"", ""roof:shape""=>""flat"", ""shape:plan""=>""rectangular"", ""start_date""=>""2000-2013"", ""column:size""=>""12x12"", ""occupant:day""=>""80"", ""roof:material""=>""metal"", ""building:bay:x""=>""2"", ""building:bay:y""=>""9"", ""floor:"
77,,223504496,Comrehebsive Swasha Sanstha,,,clinic,,,,clinic,,,,,,,,,,,,,,,"""oid""=>""1"", ""operator""=>""Comrehebsive Swasha Sanstha"", ""retrofit""=>""no"", ""roof:shape""=>""flat"", ""shape:plan""=>""rectangular"", ""start_date""=>""1990-2000"", ""column:size""=>""9x9"", ""facility:icu""=>""no"", ""occupant:day""=>""30"", ""capacity:beds""=>""2"", ""operator:type"""
78,,223518696,Aalapot Health Post,,,health_post,,,,health_post,,,,,,,,,,,,,,,"""retrofit""=>""no"", ""roof:shape""=>""flat"", ""shape:plan""=>""rectangular"", ""start_date""=>""1960-1990"", ""facility:icu""=>""no"", ""occupant:day""=>""20-25"", ""capacity:beds""=>""3"", ""operator:type""=>""government"", ""roof:material""=>""concrete"", ""building:bay:x""=>""3"", ""build"
79,,223518699,Bhadrabas Community Health Service Center,,,clinic,,,,clinic,,,,,,,,,,,,,,,"""retrofit""=>""no"", ""roof:shape""=>""flat"", ""shape:plan""=>""rectangular"", ""start_date""=>""1990-2000"", ""facility:icu""=>""no"", ""occupant:day""=>""19"", ""capacity:beds""=>""2"", ""operator:type""=>""government"", ""roof:material""=>""concrete"", ""building:bay:x""=>""2"", ""building"
80,,223934498,Khokana Upa-Swatha Chauki,,,health_post,,,,health_post,,,,,,,,,,,,,,,"""retrofit""=>""no"", ""roof:shape""=>""flat"", ""shape:plan""=>""rectangular"", ""start_date""=>""1990-2000"", ""facility:icu""=>""no"", ""occupant:day""=>""20"", ""capacity:beds""=>""1"", ""operator:type""=>""government"", ""roof:material""=>""concrete"", ""building:bay:x""=>""4"", ""building"
81,,224266770,Community Health Promotion Centre,,,clinic,,,,clinic,,,,,,,,,,,,,,,"""phone""=>""01-5582499"", ""operator""=>""Community Health Promotion Centre"", ""retrofit""=>""no"", ""roof:shape""=>""flat"", ""shape:plan""=>""rectangular"", ""start_date""=>""1990-2000"", ""facility:icu""=>""no"", ""occupant:day""=>""10"", ""capacity:beds""=>""0"", ""operator:type""=>""co"
82,,224378832,Bishankhu Narayan Health Post,,,health_post,,,,health_post,,,,,,,,,,,,,,,"""retrofit""=>""no"", ""roof:shape""=>""gabled"", ""shape:plan""=>""narrow_long"", ""start_date""=>""1990-2000"", ""facility:icu""=>""no"", ""occupant:day""=>""22"", ""capacity:beds""=>""0"", ""operator:type""=>""community"", ""roof:material""=>""metal"", ""building:bay:x""=>""4"", ""building:b"
83,,224387570,District Pre-Primary Health Post,,,health_post,,,,health_post,,,,,,,,,,,,,,,"""alt_name""=>""District Development committe"", ""retrofit""=>""no"", ""roof:shape""=>""flat"", ""shape:plan""=>""L-shape"", ""start_date""=>""1990-2000"", ""column:size""=>""9x12"", ""facility:icu""=>""no"", ""occupant:day""=>""15"", ""capacity:beds""=>""0"", ""operator:type""=>""government"
84,,224458571,Baluwatar Polyclinic,,,hospital,,,,clinic,,,,,,,,,,,,,,,"""operator""=>""Baluwatar Polyclinic"", ""retrofit""=>""no"", ""roof:shape""=>""flat"", ""shape:plan""=>""rectangular"", ""start_date""=>""2000-2013"", ""column:size""=>""12x12"", ""facility:icu""=>""no"", ""occupant:day""=>""7"", ""capacity:beds""=>""0"", ""operator:type""=>""private"", ""roof"
85,,224659298,Kabhresthali Health Post,,,health_post,,,,health_post,,,,,,,,,,,,,,,"""oid""=>""1"", ""operator""=>""Kabhresthali Health Post"", ""retrofit""=>""no"", ""roof:shape""=>""flat"", ""shape:plan""=>""rectangular"", ""start_date""=>""1990-2000"", ""column:size""=>""9x9"", ""facility:icu""=>""no"", ""occupant:day""=>""20-30"", ""capacity:beds""=>""1"", ""operator:type"""
86,,224724636,Diyas Hospital,,,hospital,,,,hospital,,,,,,,,,,,,,,,"""oid""=>""1"", ""retrofit""=>""no"", ""roof:shape""=>""flat"", ""shape:plan""=>""rectangular"", ""start_date""=>""1990-2000"", ""column:size""=>""9x12"", ""facility:icu""=>""yes"", ""occupant:day""=>""30-40"", ""capacity:beds""=>""25"", ""operator:type""=>""private"", ""roof:material""=>""concre"
87,,224951447,ktm metropolitan community city health clinic,,,clinic,,,,clinic,,,,,,,,,,,,,,,"""oid""=>""1"", ""operator""=>""ktm metropolitan community city health clinic"", ""retrofit""=>""no"", ""roof:shape""=>""flat"", ""shape:plan""=>""L-shape"", ""start_date""=>""before_1960"", ""facility:icu""=>""no"", ""occupant:day""=>""4"", ""capacity:beds""=>""0"", ""operator:type""=>""comm"
88,,225014818,Godavari Sub Health Post,,,health_post,,,,health_post,,,,,,,,,,,,,,,"""oid""=>""1"", ""operator""=>""Godavari Sub Health Post"", ""retrofit""=>""no"", ""roof:shape""=>""flat"", ""shape:plan""=>""narrow_long"", ""start_date""=>""1990-2000"", ""facility:icu""=>""no"", ""occupant:day""=>""31"", ""capacity:beds""=>""0"", ""operator:type""=>""government"", ""roof:mat"
89,,225029312,Goldhunga Upa Swastha Chauki,,,health_post,,,,health_post,,,,,,,,,,,,,,,"""oid""=>""1"", ""operator""=>""Goldhunga Upa Swastha Chauki"", ""retrofit""=>""no"", ""roof:shape""=>""gabled"", ""shape:plan""=>""rectangular"", ""start_date""=>""1990-2000"", ""facility:icu""=>""no"", ""occupant:day""=>""7"", ""capacity:beds""=>""0"", ""operator:type""=>""government"", ""roo"
90,,225121718,Shree Gagalphedi Swasthya Chauki,,,health_post,,,,health_post,,,,,,,,,,,,,,,"""retrofit""=>""no"", ""roof:shape""=>""flat"", ""shape:plan""=>""rectangular"", ""start_date""=>""1990-2000"", ""facility:icu""=>""no"", ""occupant:day""=>""10"", ""capacity:beds""=>""1"", ""operator:type""=>""government"", ""roof:material""=>""concrete"", ""building:bay:x""=>""2"", ""building"
91,,225240575,Lapsiphedi Health Post,,,health_post,,,,health_post,,,,,,,,,,,,,,,"""phone""=>""9741028256"", ""retrofit""=>""no"", ""roof:shape""=>""flat"", ""shape:plan""=>""L-shape"", ""start_date""=>""1990-2000"", ""facility:icu""=>""no"", ""occupant:day""=>""30"", ""capacity:beds""=>""0"", ""operator:type""=>""government"", ""roof:material""=>""metal"", ""building:bay:x"""
92,,225273381,Jitpurfedi Swasthya Upachowki,,,hospital,,,,health_post,,,,,,,,,,,,,,,"""retrofit""=>""no"", ""roof:shape""=>""flat"", ""shape:plan""=>""rectangular"", ""start_date""=>""1990-2000"", ""column:size""=>""9x12"", ""facility:icu""=>""no"", ""occupant:day""=>""59"", ""capacity:beds""=>""2"", ""operator:type""=>""government"", ""roof:material""=>""concrete"", ""building"
93,,225411941,Vision Polyclinic,,,clinic,,,,clinic,,,,,,,,,,,,,,,"""retrofit""=>""no"", ""roof:shape""=>""flat"", ""shape:plan""=>""rectangular"", ""start_date""=>""1990-2000"", ""column:size""=>""9x9"", ""facility:icu""=>""no"", ""occupant:day""=>""28"", ""capacity:beds""=>""0"", ""operator:type""=>""private"", ""roof:material""=>""concrete"", ""building:bay"
94,,225422527,Lokanthali Sub Health Post,,,health_post,,,,health_post,,,,,,,,,,,,,,,"""retrofit""=>""no"", ""roof:shape""=>""gabled"", ""shape:plan""=>""rectangular"", ""start_date""=>""1960-1990"", ""facility:icu""=>""no"", ""occupant:day""=>""60"", ""capacity:beds""=>""0"", ""operator:type""=>""government"", ""roof:material""=>""metal"", ""building:bay:x""=>""3"", ""building:"
95,,225431364,Shree Kunta Polyclinic and Research Center,,,clinic,,,,clinic,,,,,,,,,,,,,,,"""retrofit""=>""no"", ""roof:shape""=>""flat"", ""shape:plan""=>""U-shape"", ""start_date""=>""2000-2013"", ""column:size""=>""9x12"", ""facility:icu""=>""no"", ""occupant:day""=>""10"", ""capacity:beds""=>""0"", ""operator:type""=>""private"", ""roof:material""=>""concrete"", ""building:bay:x"""
96,,225518413,Baluwa Upa Swasthya Chowki,,,health_post,,,,health_post,,,,,,,,,,,,,,,"""operator""=>""Baluwa Upa Swasthya Chowki"", ""retrofit""=>""no"", ""roof:shape""=>""flat"", ""shape:plan""=>""L-shape"", ""start_date""=>""1990-2000"", ""column:size""=>""9x9"", ""facility:icu""=>""no"", ""occupant:day""=>""24"", ""capacity:beds""=>""0"", ""operator:type""=>""government"", """
97,,225594248,Nayapati Health Post,,,health_post,,,,health_post,,,,,,,,,,,,,,,"""phone""=>""9841299247"", ""retrofit""=>""no"", ""roof:shape""=>""flat"", ""shape:plan""=>""rectangular"", ""start_date""=>""2000-2013"", ""column:size""=>""9x9"", ""facility:icu""=>""no"", ""occupant:day""=>""32"", ""capacity:beds""=>""2"", ""operator:type""=>""government"", ""roof:material""="
98,,225594254,Suntol Sub-Health Post,,,health_post,,,,health_post,,,,,,,,,,,,,,,"""phone""=>""9841117380"", ""retrofit""=>""no"", ""roof:shape""=>""flat"", ""shape:plan""=>""rectangular"", ""start_date""=>""1990-2000"", ""facility:icu""=>""no"", ""occupant:day""=>""15"", ""capacity:beds""=>""1"", ""operator:type""=>""government"", ""roof:material""=>""concrete"", ""building"
99,,225641956,Suryavinayak Polyclinic,,,clinic,,,,clinic,,,,,,,,,,,,,,,"""retrofit""=>""no"", ""roof:shape""=>""flat"", ""shape:plan""=>""rectangular"", ""start_date""=>""1990-2000"", ""column:size""=>""9x9"", ""facility:icu""=>""no"", ""occupant:day""=>""35"", ""capacity:beds""=>""0"", ""operator:type""=>""private"", ""roof:material""=>""concrete"", ""building:bay"
100,,225659856,Centre For Liver Disease,,,hospital,,,,hospital,,,,,,,,,,,,,,,"""oid""=>""1"", ""operator""=>""Centre For Liver Disease"", ""retrofit""=>""no"", ""roof:shape""=>""flat"", ""shape:plan""=>""rectangular"", ""start_date""=>""2000-2013"", ""column:size""=>""16x16"", ""facility:icu""=>""no"", ""occupant:day""=>""20"", ""capacity:beds""=>""3"", ""operator:type""="
101,,225663312,Apollo Polyclinic,,,clinic,,,,clinic,,,,,,,,,,,,,,,"""oid""=>""1"", ""retrofit""=>""no"", ""roof:shape""=>""flat"", ""shape:plan""=>""rectangular"", ""start_date""=>""1990-2000"", ""column:size""=>""12x12"", ""facility:icu""=>""no"", ""occupant:day""=>""15"", ""capacity:beds""=>""0"", ""operator:type""=>""private"", ""roof:material""=>""concrete"","
102,,225708079,Bhaisharjya Washa Pasha,,,clinic,,,,clinic,,,,,,,,,,,,,,,"""operator""=>""Bhaisharjya Washa Pasha"", ""retrofit""=>""no"", ""roof:shape""=>""flat"", ""shape:plan""=>""multiprojected"", ""start_date""=>""2000-2013"", ""column:size""=>""9x9"", ""facility:icu""=>""no"", ""occupant:day""=>""15"", ""operator:type""=>""private"", ""roof:material""=>""conc"
103,,225708080,Lokeshwor Pharma,,,clinic,,,,clinic,,,,,,,,,,,,,,,"""retrofit""=>""no"", ""roof:shape""=>""flat"", ""shape:plan""=>""rectangular"", ""start_date""=>""1990-2000"", ""column:size""=>""9x9"", ""facility:icu""=>""no"", ""occupant:day""=>""10"", ""capacity:beds""=>""0"", ""operator:type""=>""private"", ""roof:material""=>""concrete"", ""building:bay"
104,,225708081,Santosh Drug House,,,clinic,,,,clinic,,,,,,,,,,,,,,,"""alt_name""=>""Ashma Medical Hall"", ""retrofit""=>""no"", ""roof:shape""=>""flat"", ""shape:plan""=>""rectangular"", ""start_date""=>""1990-2000"", ""column:size""=>""9x9"", ""facility:icu""=>""no"", ""occupant:day""=>""8"", ""capacity:beds""=>""0"", ""operator:type""=>""private"", ""roof:mat"
105,,226044702,Chhampi Sub Health Post,,,health_post,,,,health_post,,,,,,,,,,,,,,,"""retrofit""=>""no"", ""roof:shape""=>""flat"", ""shape:plan""=>""rectangular"", ""start_date""=>""1990-2000"", ""column:size""=>""9x9"", ""facility:icu""=>""no"", ""occupant:day""=>""16"", ""capacity:beds""=>""1"", ""operator:type""=>""government"", ""roof:material""=>""concrete"", ""building:"
106,,226044703,Devichour Health Post,,,health_post,,,,health_post,,,,,,,,,,,,,,,"""retrofit""=>""no"", ""roof:shape""=>""flat"", ""shape:plan""=>""rectangular"", ""start_date""=>""1960-1990"", ""facility:icu""=>""no"", ""occupant:day""=>""17"", ""capacity:beds""=>""1"", ""operator:type""=>""government"", ""roof:material""=>""concrete"", ""building:bay:x""=>""2"", ""building"
107,,226053389,Samudayik Dental Hospital,,,clinic,,,,hospital,,,,,,,,,,,,,,,"""retrofit""=>""no"", ""roof:shape""=>""flat"", ""shape:plan""=>""L-shape"", ""start_date""=>""1990-2000"", ""column:size""=>""9x9"", ""facility:icu""=>""no"", ""occupant:day""=>""30"", ""capacity:beds""=>""0"", ""operator:type""=>""private"", ""roof:material""=>""concrete"", ""building:bay:x""="
108,,226056945,Upakar National Health Care Center,,,clinic,,,,clinic,,,,,,,,,,,,,,,"""retrofit""=>""no"", ""roof:shape""=>""flat"", ""shape:plan""=>""triangular"", ""start_date""=>""2000-2013"", ""column:size""=>""14x14"", ""facility:icu""=>""no"", ""occupant:day""=>""8"", ""capacity:beds""=>""0"", ""operator:type""=>""private"", ""roof:material""=>""concrete"", ""building:bay"
109,,226061819,Sewa Dental Home,,,clinic,,,,clinic,,,,,,,,,,,,,,,"""retrofit""=>""no"", ""roof:shape""=>""flat"", ""shape:plan""=>""rectangular"", ""start_date""=>""1990-2000"", ""column:size""=>""9x9"", ""facility:icu""=>""no"", ""occupant:day""=>""7"", ""capacity:beds""=>""0"", ""operator:type""=>""private"", ""roof:material""=>""concrete"", ""building:bay:"
110,,226356620,Praptee Polyclinic,,,clinic,,,,clinic,,,,,,,,,,,,,,,"""operator""=>""Praptee Polyclinic"", ""retrofit""=>""no"", ""roof:shape""=>""flat"", ""shape:plan""=>""rectangular"", ""start_date""=>""1990-2000"", ""column:size""=>""9x9"", ""facility:icu""=>""no"", ""occupant:day""=>""4"", ""capacity:beds""=>""0"", ""operator:type""=>""private"", ""roof:mat"
111,,226396927,Kshamadevi Polyclinic,,,clinic,,,,clinic,,,,,,,,,,,,,,,"""operator""=>""Kshamadevi Polyclinic"", ""retrofit""=>""no"", ""roof:shape""=>""flat"", ""shape:plan""=>""rectangular"", ""start_date""=>""1990-2000"", ""column:size""=>""9x12"", ""facility:icu""=>""no"", ""occupant:day""=>""10"", ""capacity:beds""=>""0"", ""operator:type""=>""private"", ""roo"
112,,226396928,Safal medical Center,,,clinic,,,,clinic,,,,,,,,,,,,,,,"""operator""=>""Safal medical Center"", ""retrofit""=>""no"", ""roof:shape""=>""flat"", ""shape:plan""=>""rectangular"", ""start_date""=>""2000-2013"", ""column:size""=>""14x14"", ""facility:icu""=>""no"", ""occupant:day""=>""10"", ""capacity:beds""=>""0"", ""operator:type""=>""private"", ""roo"
113,,226396929,Trishuli Medical & Polyclinic,,,clinic,,,,clinic,,,,,,,,,,,,,,,"""operator""=>""Trishuli Medical & Polyclinic"", ""retrofit""=>""no"", ""roof:shape""=>""flat"", ""shape:plan""=>""narrow_long"", ""start_date""=>""2000-2013"", ""column:size""=>""9x12"", ""facility:icu""=>""no"", ""occupant:day""=>""10"", ""capacity:beds""=>""0"", ""operator:type""=>""privat"
114,,226397159,Asha Dental clinic,,,clinic,,,,clinic,,,,,,,,,,,,,,,"""operator""=>""Asha Dental clinic"", ""retrofit""=>""no"", ""roof:shape""=>""flat"", ""shape:plan""=>""rectangular"", ""start_date""=>""2000-2013"", ""column:size""=>""14x14"", ""facility:icu""=>""no"", ""occupant:day""=>""10"", ""capacity:beds""=>""0"", ""operator:type""=>""private"", ""roof:"
115,,226397160,Jagaran Dental Home,,,clinic,,,,clinic,,,,,,,,,,,,,,,"""operator""=>""Jagaran Denal Home"", ""retrofit""=>""no"", ""roof:shape""=>""flat"", ""shape:plan""=>""rectangular"", ""start_date""=>""1990-2000"", ""column:size""=>""9x9"", ""facility:icu""=>""no"", ""occupant:day""=>""10"", ""capacity:beds""=>""0"", ""operator:type""=>""private"", ""roof:ma"
116,,226423598,"Diabetes, Thyroid and Endocrinology",,,clinic,,,,clinic,,,,,,,,,,,,,,,"""oid""=>""1"", ""operator""=>""Diabetes, Thyroid and Endocrinology"", ""retrofit""=>""no"", ""roof:shape""=>""flat"", ""shape:plan""=>""T-shape"", ""start_date""=>""1990-2000"", ""column:size""=>""12x12"", ""facility:icu""=>""yes"", ""capacity:beds""=>""15"", ""operator:type""=>""private"", """
117,,226429179,Aaram Dental Care Home,,,clinic,,,,clinic,,,,,,,,,,,,,,,"""oid""=>""1"", ""operator""=>""Aaram Dental Care Home"", ""retrofit""=>""no"", ""roof:shape""=>""flat"", ""shape:plan""=>""rectangular"", ""start_date""=>""2000-2013"", ""column:size""=>""12x12"", ""facility:icu""=>""no"", ""capacity:beds""=>""0"", ""operator:type""=>""private"", ""roof:materi"
118,,226603884,Lagankhel Poly Clinic,,,clinic,,,,clinic,,,,,,,,,,,,,,,"""oid""=>""1"", ""operator""=>""Lagankhel Poly Clinic"", ""retrofit""=>""no"", ""roof:shape""=>""flat"", ""shape:plan""=>""L-shape"", ""start_date""=>""1960-1990"", ""facility:icu""=>""no"", ""occupant:day""=>""5"", ""capacity:beds""=>""0"", ""operator:type""=>""private"", ""roof:material""=>""co"
119,,226833777,Bahirigaun Sub Health Post,,,health_post,,,,health_post,,,,,,,,,,,,,,,"""retrofit""=>""no"", ""roof:shape""=>""flat"", ""shape:plan""=>""rectangular"", ""start_date""=>""2000-2013"", ""column:size""=>""9x9"", ""facility:icu""=>""no"", ""occupant:day""=>""18"", ""capacity:beds""=>""1"", ""operator:type""=>""government"", ""roof:material""=>""concrete"", ""building:"
120,,226833778,Chitubihar Sub Health Post,,,health_post,,,,health_post,,,,,,,,,,,,,,,"""retrofit""=>""no"", ""roof:shape""=>""flat"", ""shape:plan""=>""rectangular"", ""start_date""=>""1990-2000"", ""facility:icu""=>""no"", ""occupant:day""=>""30"", ""capacity:beds""=>""1"", ""operator:type""=>""government"", ""roof:material""=>""metal"", ""building:bay:x""=>""2"", ""building:ba"
121,,226833779,Chobar Sub Health Post,,,health_post,,,,health_post,,,,,,,,,,,,,,,"""retrofit""=>""no"", ""roof:shape""=>""flat"", ""shape:plan""=>""rectangular"", ""start_date""=>""1990-2000"", ""facility:icu""=>""no"", ""occupant:day""=>""20-25"", ""capacity:beds""=>""1"", ""operator:type""=>""government"", ""roof:material""=>""concrete"", ""building:bay:x""=>""2"", ""build"
122,,226835291,Chinese People Hospital,,,clinic,,,,clinic,,,,,,,,,,,,,,,"""retrofit""=>""no"", ""roof:shape""=>""flat"", ""shape:plan""=>""rectangular"", ""start_date""=>""2000-2013"", ""column:size""=>""12x12"", ""facility:icu""=>""no"", ""occupant:day""=>""35"", ""capacity:beds""=>""0"", ""operator:type""=>""private"", ""roof:material""=>""concrete"", ""building:b"
123,,226835292,Riza Polyclinic and Diagonostic Centre,,,clinic,,,,clinic,,,,,,,,,,,,,,,"""retrofit""=>""no"", ""roof:shape""=>""flat"", ""shape:plan""=>""rectangular"", ""start_date""=>""2000-2013"", ""column:size""=>""9x12"", ""facility:icu""=>""no"", ""occupant:day""=>""26"", ""capacity:beds""=>""2"", ""operator:type""=>""private"", ""roof:material""=>""concrete"", ""building:ba"
124,,226852863,Hamro Sahayatri Hosp and Birthing Center,,,hospital,,,,hospital,,,,,,,,,,,,,,,"""oid""=>""1"", ""operator""=>""Hamro Sahayatri Hosp and Birthing Center"", ""retrofit""=>""no"", ""roof:shape""=>""flat"", ""shape:plan""=>""multiprojected"", ""start_date""=>""2000-2013"", ""column:size""=>""9x12"", ""facility:icu""=>""no"", ""occupant:day""=>""24"", ""capacity:beds""=>""25"
125,,226883918,Jorpati Sub Health Post,,,health_post,,,,health_post,,,,,,,,,,,,,,,"""retrofit""=>""no"", ""roof:shape""=>""flat"", ""shape:plan""=>""narrow_long"", ""start_date""=>""1990-2000"", ""column:size""=>""12x12"", ""facility:icu""=>""no"", ""occupant:day""=>""45"", ""capacity:beds""=>""1"", ""operator:type""=>""government"", ""roof:material""=>""concrete"", ""buildin"
126,,226884056,Mulpani Primary Health Care Center,,,health_post,,,,clinic,,,,,,,,,,,,,,,"""retrofit""=>""no"", ""roof:shape""=>""flat"", ""shape:plan""=>""narrow_long"", ""start_date""=>""1990-2000"", ""facility:icu""=>""no"", ""occupant:day""=>""31"", ""capacity:beds""=>""2"", ""operator:type""=>""government"", ""roof:material""=>""concrete"", ""building:bay:x""=>""6"", ""building"
127,,226885065,Medicare National Hospital and Research Center,,,hospital,,,,hospital,,,,,,,,,,,,,,,"""retrofit""=>""no"", ""roof:shape""=>""flat"", ""shape:plan""=>""L-shape"", ""start_date""=>""1990-2000"", ""column:size""=>""22 dia"", ""facility:icu""=>""yes"", ""occupant:day""=>""406"", ""capacity:beds""=>""100"", ""operator:type""=>""private"", ""roof:material""=>""concrete"", ""building:"
128,,226936305,Hardik Polyclinic,,,clinic,,,,clinic,,,,,,,,,,,,,,,"""operator""=>""Hardik Polyclinic"", ""retrofit""=>""no"", ""roof:shape""=>""flat"", ""shape:plan""=>""rectangular"", ""start_date""=>""2000-2013"", ""column:size""=>""9x12"", ""facility:icu""=>""no"", ""occupant:day""=>""28"", ""capacity:beds""=>""5"", ""operator:type""=>""private"", ""roof:ma"
129,,226969445,Sipadol Janaswastha,,,clinic,,,,clinic,,,,,,,,,,,,,,,"""operator""=>""Sipadol Janaswastha"", ""retrofit""=>""no"", ""roof:shape""=>""flat"", ""shape:plan""=>""L-shape"", ""start_date""=>""2000-2013"", ""column:size""=>""9x12"", ""facility:icu""=>""no"", ""occupant:day""=>""25"", ""capacity:beds""=>""0"", ""operator:type""=>""government"", ""roof:m"
130,,226972113,Binayak Pharma & Clinic,,,clinic,,,,clinic,,,,,,,,,,,,,,,"""operator""=>""Binayak Pharma & Clinic"", ""retrofit""=>""no"", ""roof:shape""=>""flat"", ""shape:plan""=>""rectangular"", ""start_date""=>""2000-2013"", ""column:size""=>""9x9"", ""facility:icu""=>""no"", ""capacity:beds""=>""0"", ""operator:type""=>""private"", ""roof:material""=>""concret"
131,,226972114,Khwopa Pharma & Clinic,,,clinic,,,,clinic,,,,,,,,,,,,,,,"""operator""=>""Khwopa Pharma & Clinic"", ""retrofit""=>""no"", ""roof:shape""=>""flat"", ""shape:plan""=>""rectangular"", ""start_date""=>""2000-2013"", ""column:size""=>""9x12"", ""facility:icu""=>""no"", ""occupant:day""=>""5"", ""capacity:beds""=>""0"", ""operator:type""=>""private"", ""roo"
132,,226974433,Dental Temple,,,clinic,,,,clinic,,,,,,,,,,,,,,,"""operator""=>""Dental Temple"", ""retrofit""=>""no"", ""roof:shape""=>""flat"", ""shape:plan""=>""multiprojected"", ""start_date""=>""2000-2013"", ""facility:icu""=>""no"", ""occupant:day""=>""10-15"", ""capacity:beds""=>""0"", ""operator:type""=>""private"", ""roof:material""=>""concrete"","
133,,226974435,Venus International Hospital,,,hospital,,,,hospital,,,,,,,,,,,,,,,"""oid""=>""1"", ""operator""=>""Venus International Hospital"", ""retrofit""=>""no"", ""roof:shape""=>""flat"", ""shape:plan""=>""rectangular"", ""start_date""=>""1990-2000"", ""column:size""=>""12x12"", ""facility:icu""=>""yes"", ""capacity:beds""=>""50"", ""operator:type""=>""private"", ""roo"
134,,226978805,New Pashupati Medical clinic,,,clinic,,,,clinic,,,,,,,,,,,,,,,"""operator""=>""New Pashupati Medical clinic"", ""retrofit""=>""no"", ""roof:shape""=>""flat"", ""shape:plan""=>""rectangular"", ""start_date""=>""2000-2013"", ""column:size""=>""9x12"", ""facility:icu""=>""no"", ""occupant:day""=>""5-8"", ""capacity:beds""=>""0"", ""operator:type""=>""privat"
135,,226978806,Shubham Polyclinic,,,clinic,,,,clinic,,,,,,,,,,,,,,,"""operator""=>""Shubham Polyclinic"", ""retrofit""=>""no"", ""roof:shape""=>""flat"", ""shape:plan""=>""L-shape"", ""start_date""=>""1990-2000"", ""column:size""=>""9x9"", ""facility:icu""=>""no"", ""occupant:day""=>""20"", ""capacity:beds""=>""0"", ""operator:type""=>""private"", ""roof:materi"
136,,226981339,Kathmandu JanaSwastha,,,clinic,,,,clinic,,,,,,,,,,,,,,,"""operator""=>""Kathmandu JanaSwastha"", ""retrofit""=>""no"", ""roof:shape""=>""flat"", ""shape:plan""=>""rectangular"", ""start_date""=>""1990-2000"", ""facility:icu""=>""no"", ""occupant:day""=>""5"", ""capacity:beds""=>""0"", ""operator:type""=>""government"", ""roof:material""=>""concret"
137,,227932709,Ramkot Health Post,,,health_post,,,,health_post,,,,,,,,,,,,,,,"""oid""=>""1"", ""operator""=>""Ramkot Health Post"", ""retrofit""=>""no"", ""roof:shape""=>""flat"", ""shape:plan""=>""L-shape"", ""start_date""=>""1990-2000"", ""facility:icu""=>""no"", ""occupant:day""=>""42"", ""capacity:beds""=>""0"", ""operator:type""=>""government"", ""roof:material""=>""c"
138,,227933475,Sitapaila Sub Health Post,,,health_post,,,,health_post,,,,,,,,,,,,,,,"""oid""=>""1"", ""operator""=>""Sitapaila Sub Health Post"", ""retrofit""=>""no"", ""roof:shape""=>""flat"", ""shape:plan""=>""rectangular"", ""start_date""=>""2000-2013"", ""column:size""=>""9x9"", ""facility:icu""=>""no"", ""occupant:day""=>""45"", ""capacity:beds""=>""0"", ""operator:type""=>"
139,,228482743,Sundarijal Sub Health Post,,,health_post,,,,health_post,,,,,,,,,,,,,,,"""retrofit""=>""no"", ""roof:shape""=>""flat"", ""shape:plan""=>""narrow_long"", ""start_date""=>""1990-2000"", ""facility:icu""=>""no"", ""occupant:day""=>""15"", ""capacity:beds""=>""1"", ""operator:type""=>""government"", ""roof:material""=>""metal"", ""building:bay:x""=>""3"", ""building:ba"
140,,229032303,Dukuchhap Sub Health Post,,,health_post,,,,health_post,,,,,,,,,,,,,,,"""retrofit""=>""no"", ""roof:shape""=>""flat"", ""shape:plan""=>""L-shape"", ""start_date""=>""2000-2013"", ""column:size""=>""9x12"", ""facility:icu""=>""no"", ""occupant:day""=>""6"", ""capacity:beds""=>""1"", ""operator:type""=>""government"", ""roof:material""=>""concrete"", ""building:bay:"
141,,229036468,Chapagaun Sub Health Post,,,health_post,,,,health_post,,,,,,,,,,,,,,,"""retrofit""=>""no"", ""roof:shape""=>""flat"", ""shape:plan""=>""rectangular"", ""start_date""=>""1990-2000"", ""facility:icu""=>""no"", ""occupant:day""=>""12"", ""capacity:beds""=>""1"", ""operator:type""=>""government"", ""roof:material""=>""concrete"", ""building:bay:x""=>""2"", ""building"
142,,229141390,Ichangunarayan Health Post,,,health_post,,,,health_post,,,,,,,,,,,,,,,"""oid""=>""1"", ""operator""=>""Ichangunarayan Health Post"", ""retrofit""=>""no"", ""roof:shape""=>""flat"", ""shape:plan""=>""T-shape"", ""start_date""=>""2000-2013"", ""column:size""=>""9x12"", ""facility:icu""=>""no"", ""occupant:day""=>""5"", ""capacity:beds""=>""0"", ""operator:type""=>""go"
143,,229142491,Bhimdhunga Health Post,,,health_post,,,,health_post,,,,,,,,,,,,,,,"""oid""=>""1"", ""operator""=>""Bhimdhunga Health Post"", ""retrofit""=>""no"", ""roof:shape""=>""gabled"", ""shape:plan""=>""L-shape"", ""start_date""=>""1990-2000"", ""facility:icu""=>""no"", ""occupant:day""=>""10"", ""capacity:beds""=>""0"", ""operator:type""=>""government"", ""roof:materia"
144,,230055223,,,,hospital,,,,yes,,,,,,,,,,,,,,,
145,,230055228,Pediatrics and Gyn/Obs,,,hospital,,,,yes,,,,,,,,,,,,,,,
146,,231049689,College of Dental Science and Hospital,,,hospital,,,,hospital,,,,,,,,,,,,,,,"""retrofit""=>""no"", ""roof:shape""=>""flat"", ""shape:plan""=>""narrow_long"", ""start_date""=>""1990-2000"", ""column:size""=>""22x22"", ""facility:icu""=>""no"", ""operator:type""=>""private"", ""roof:material""=>""concrete"", ""building:bay:x""=>""13"", ""building:bay:y""=>""6"", ""buildin"
147,,231628208,Life Care Hospital,,,hospital,,,,hospital,,,,,,,,,,,,,,,"""oid""=>""1"", ""operator""=>""Life Care Hospital"", ""retrofit""=>""no"", ""roof:shape""=>""flat"", ""shape:plan""=>""L-shape"", ""start_date""=>""2000-2013"", ""column:size""=>""12x12"", ""facility:icu""=>""yes"", ""capacity:beds""=>""36"", ""operator:type""=>""private"", ""roof:material""=>"""
148,,231629043,Anmol Medical Center,,,clinic,,,,clinic,,,,,,,,,,,,,,,"""oid""=>""1"", ""operator""=>""Anmol Medical Center"", ""retrofit""=>""no"", ""roof:shape""=>""gabled"", ""shape:plan""=>""U-shape"", ""start_date""=>""before_1960"", ""facility:icu""=>""no"", ""capacity:beds""=>""0"", ""operator:type""=>""private"", ""roof:material""=>""metal"", ""building:ba"
149,,231630359,Capital Hospital,,,hospital,,,,hospital,,,,,,,,,,,,,,,"""oid""=>""1"", ""operator""=>""Capital Hospital"", ""retrofit""=>""no"", ""roof:shape""=>""flat"", ""shape:plan""=>""rectangular"", ""start_date""=>""1990-2000"", ""column:size""=>""14x14"", ""facility:icu""=>""no"", ""capacity:beds""=>""10"", ""operator:type""=>""private"", ""roof:material""=>"
150,,236736871,  ,,,hospital,,,,yes,,,,,,,,,,,,,,,"""name:en""=>""Maternity Child Friendship Hospital"", ""addr:city""=>""Pokhara"", ""emergency""=>""yes"", ""addr:street""=>""Batulechaur"""
151,,240358404,swatha parichyan,,,hospital,,,,yes,,,,,,,,,,,,,,,"""service""=>""health"""
152,,249747796,Lukla Hospital,,,hospital,,,,yes,,,,,,,,,,,,,,,
153,,252471594,Koshi Zonal Hospital,,,hospital,,,,yes,,,,,,,,,,,,,,,"""emergency""=>""no"""
154,,252689390,Sharmali Health Center,,,clinic,,,,yes,,,,,,,,,,,,,,,
155,,253152629,Janakpur Zonal Hospital,,,hospital,,,,yes,,,,,,,,,,,,,,,"""emergency""=>""yes"", ""wheelchair""=>""yes"", ""addr:housename""=>""Janakpur Municipality"""
156,,262821660,Aragyoga Hospital,,,hospital,,,,yes,,,,,,,,,,,,,,,
157,,264506798,Mechi Eye Hospital,,,hospital,,,,yes,,,,,,,,,,,,,,,
158,,273409431,,,,health_post,,,,yes,,,,,,,,,,,,,,,
159,,301884716,National Ayurvedic Research and Training Center,,,hospital,,,,yes,,,,,,,,,,,,,,,"""operator""=>""Tribhuwan University"""
160,,302548412,Bharatpur eye hospital,,,hospital,,,,yes,,,,,,,,,,,,,,,
161,,311686821,health post,,,hospital,,,,yes,,,,,,,,,,,,,,,
162,,312966050,Phaplu Hospital,,,hospital,,,,yes,,,,,,,,,,,,,,,"""phone""=>""038-626585 , 622241"""
163,,314372567,Army Hospital,,,hospital,,,,yes,,,,,,,,,,,,,,,
164,,314372568,army health post,,,hospital,,,,yes,,,,,,,,,,,,,,,"""operator""=>""Nepal Army Satbaini Gad"""
165,,317139834,Lubhoo Health Post,,,clinic,,,,yes,,,,,,,,,,,,,,,
166,,324729915,Shree Tribhuwan Chandra Sainik Hospital,,,hospital,,,,yes,,,,,,,,,,,,,,,"""designation""=>""Trauma Hospital"""
167,,327288874,Niko Children's Hospital & Research Center (P) Ltd,,,hospital,,,,yes,,,,,,,,,,,,,,,
168,,327966961,Mary Healthcare Center cum Dental Home & Research Center,,,hospital,,,,yes,,,,,,,,,,,,,,,
